date,weekday,is_weekend,weather_desc,temp,rain,snow,wind,cloud,total,male,female,sex_unknown,10s,20s,30s,40s,50s,60s,70s+,age_unknown,humid,is_rain,is_snow
2024-01-01,Monday,0,흐림+눈,3.3,0,2.4,1.7,6.4,32873,15314,7714,9845,2052,9205,7969,4845,3883,1521,314,3084,83.4,0,1
2024-01-02,Tuesday,0,흐림,2.9,0,0,1.6,8.9,50756,22311,13461,14984,2380,12363,12333,8863,6909,2749,528,4631,72.6,0,0
2024-01-03,Wednesday,0,흐림+비,1.8,0.6,0,1.6,6,44181,19876,11276,13029,2021,10664,10706,7693,6118,2559,487,3933,80.4,1,0
2024-01-04,Thursday,0,흐림,1.4,0,0,1.9,6.1,52508,23018,13969,15521,2459,12636,12554,9126,7191,3113,571,4858,74.3,0,0
2024-01-05,Friday,0,맑음,5,0,0,2.3,4.1,54682,23988,14387,16307,2572,13135,13116,9383,7622,3172,571,5111,77.1,0,0
2024-01-06,Saturday,1,맑음+비+눈,0.7,2.4,6,2.2,2.3,39059,17434,10055,11570,1999,10291,9419,6222,5086,2182,421,3439,63.9,1,1
2024-01-07,Sunday,1,맑음+눈,-4.4,0,5.6,3.1,0.1,23543,11342,5271,6930,1353,6944,5912,3316,2741,1088,169,2020,57.4,0,1
2024-01-08,Monday,0,맑음+눈,-4.7,0,1.5,1.8,3.8,40815,18221,10635,11959,1838,10110,10119,7149,5554,2072,426,3547,57.8,0,1
2024-01-09,Tuesday,0,흐림+비+눈,-0.6,1.6,3.1,2,8.5,26814,13162,5837,7815,1231,6394,6821,4691,3718,1500,282,2177,84,1,1
2024-01-10,Wednesday,0,맑음+눈,-1,0,3,1.7,3.1,41846,18934,10730,12182,1835,10133,10187,7353,5824,2406,499,3609,85.9,0,1
2024-01-11,Thursday,0,흐림+눈,1.7,0,2,1.9,7,48420,21267,12727,14426,2174,11707,11677,8474,6759,2768,505,4356,80.6,0,1
2024-01-12,Friday,0,맑음,0.9,0,0,2.3,0,50061,22031,13240,14790,2228,12008,11965,8817,6986,2968,571,4518,61.6,0,0
2024-01-13,Saturday,1,맑음,0.4,0,0,1.4,0.3,42393,18911,10887,12595,2253,11124,10314,6677,5437,2306,384,3898,44.3,0,0
2024-01-14,Sunday,1,맑음+비,-0.6,3.1,0,2.1,5.8,22329,10826,5033,6470,1317,6361,5259,3256,2780,1253,201,1902,74.5,1,0
2024-01-15,Monday,0,맑음,-3.7,0,0,2.5,0,43006,19033,11257,12716,1894,10676,10571,7589,5796,2332,401,3747,51.3,0,0
2024-01-16,Tuesday,0,맑음,-2.1,0,0,1.5,2.3,47383,20817,12709,13857,2128,11490,11507,8343,6473,2768,510,4164,49.8,0,0
2024-01-17,Wednesday,0,흐림+비+눈,0.6,9.7,2.3,2,9.4,26732,12572,6397,7763,926,6156,6850,4942,3869,1631,267,2091,78.5,1,1
2024-01-18,Thursday,0,맑음+비+눈,4.5,0.5,1.1,2.4,4.5,46517,20538,12300,13679,2048,11283,11100,8149,6462,2736,516,4223,81.5,1,1
2024-01-19,Friday,0,흐림,5.4,0,0,4.5,7,53094,23227,14062,15805,2286,12876,12762,9353,7321,3173,558,4765,65.4,0,0
2024-01-20,Saturday,1,흐림+비+강풍,3.4,0.4,0,5.3,8.9,30232,14145,7289,8798,1565,7980,7330,4680,3964,1846,307,2560,69.5,1,0
2024-01-21,Sunday,1,흐림+비,1.7,0.4,0,2.5,9.1,27467,12965,6471,8031,1586,7670,6487,4154,3483,1540,246,2301,75.8,1,0
2024-01-22,Monday,0,맑음+비+눈,-8.7,0.2,2.3,4.1,5,32281,14811,8103,9367,1407,8021,8138,5791,4215,1714,311,2684,65.6,1,1
2024-01-23,Tuesday,0,맑음,-11.7,0,0,3.9,0.5,30002,13757,7512,8733,1178,7434,7645,5460,4026,1543,307,2409,53.6,0,0
2024-01-24,Wednesday,0,맑음,-8,0,0,3.3,0,33870,15304,8638,9928,1370,8107,8579,6145,4702,1888,375,2704,52,0,0
2024-01-25,Thursday,0,맑음,-5.3,0,0,2.1,0,40007,17969,10399,11639,1669,9491,9820,7193,5602,2371,445,3416,47.8,0,0
2024-01-26,Friday,0,맑음,-1.7,0,0,1.9,0.8,46604,20835,12044,13725,1982,11032,11267,8303,6657,2744,554,4065,62.5,0,0
2024-01-27,Saturday,1,맑음,-0.5,0,0,1.8,2.9,39381,17858,10004,11519,2110,10195,9539,6232,5055,2258,407,3585,70,0,0
2024-01-28,Sunday,1,맑음,-1.5,0,0,1.9,2,34554,15857,8664,10033,1957,9478,8291,5476,4291,1813,306,2942,62.3,0,0
2024-01-29,Monday,0,맑음,-0.4,0,0,1.7,2,47597,20893,12605,14099,2135,11397,11519,8470,6559,2677,508,4332,66.6,0,0
2024-01-30,Tuesday,0,맑음,1.4,0,0,1.4,2.3,51411,22520,13852,15039,2301,12276,12275,9201,7086,3008,583,4681,59.3,0,0
2024-01-31,Wednesday,0,맑음,4.7,0,0,1.9,2.6,54444,23718,14889,15837,2577,12991,13058,9534,7471,3259,613,4941,54.1,0,0
2024-02-01,Thursday,0,흐림,2.4,0,0,2.1,6.4,53588,23215,14671,15702,2687,12856,12703,9334,7367,3124,579,4938,64.9,0,0
2024-02-02,Friday,0,맑음,3.1,0,0,2.1,5.4,55412,24164,14975,16273,2660,13229,13040,9722,7722,3308,609,5122,65.5,0,0
2024-02-03,Saturday,1,흐림,4.7,0,0,2.2,8.4,44530,19723,11720,13087,2396,11670,10762,7038,5800,2405,454,4005,63.9,0,0
2024-02-04,Sunday,1,흐림,7.3,0,0,1.8,8.6,47539,20957,12630,13952,2810,12825,11549,7510,5731,2150,362,4602,60.9,0,0
2024-02-05,Monday,0,흐림+비+눈+강풍,2.7,3.9,3.6,5,10,21798,10741,4964,6093,1258,5513,5174,3645,2941,1238,276,1753,81.8,1,1
2024-02-06,Tuesday,0,흐림+비+눈,1.2,0.2,3.8,2.2,8.8,46089,20451,12145,13493,2242,11223,11063,8006,6275,2633,516,4131,83.5,1,1
2024-02-07,Wednesday,0,흐림,0.6,0,0,2.1,6.6,49974,22150,13196,14628,2443,11915,11973,8741,6956,2908,529,4509,76.6,0,0
2024-02-08,Thursday,0,맑음,0.6,0,0,1.6,2,53023,23331,14031,15661,2586,12652,12690,9190,7468,3138,569,4730,66.9,0,0
2024-02-09,Friday,0,맑음,1.1,0,0,2.2,3.3,34031,15486,8416,10129,1844,9425,8220,5012,4249,1950,338,2993,66.8,0,0
2024-02-10,Saturday,1,맑음,1.7,0,0,1.9,2.3,26555,12188,6471,7896,1489,7696,6608,3912,2986,1328,240,2296,69.4,0,0
2024-02-11,Sunday,1,맑음,1,0,0,2.2,2,31655,14676,7644,9335,1927,8841,7632,4711,3811,1588,316,2829,70.6,0,0
2024-02-12,Monday,0,맑음,3.5,0,0,1.8,0.3,44012,19383,11562,13067,2567,11998,10586,6848,5284,2134,423,4172,62.8,0,0
2024-02-13,Tuesday,0,맑음,8.2,0,0,2.5,2.5,60100,25732,16623,17745,3141,15234,14179,10052,7896,3246,637,5715,70.6,0,0
2024-02-14,Wednesday,0,흐림,12.9,0,0,2.2,7,67555,28395,19088,20072,3411,16901,15795,11367,8862,3751,747,6721,76.4,0,0
2024-02-15,Thursday,0,흐림+폭우+눈,4.5,10.9,1.5,2.9,7.6,37802,17708,9023,11071,1741,9081,9275,6600,5351,2070,356,3328,89.9,1,1
2024-02-16,Friday,0,맑음,2.3,0,0,1.8,0.6,57884,25126,15927,16831,2979,14021,13629,9917,7911,3367,643,5417,72.4,0,0
2024-02-17,Saturday,1,맑음,4.4,0,0,1.7,0,55349,23787,15176,16386,3216,14382,13377,8926,6833,2801,518,5296,73.5,0,0
2024-02-18,Sunday,1,흐림+폭우,6.2,17.1,0,2.8,7.1,29946,13891,7364,8691,1620,8147,7121,4730,3860,1616,267,2585,81.4,1,0
2024-02-19,Monday,0,흐림+비,9.1,8.9,0,2.3,9.6,28420,13130,7023,8267,1370,7046,7108,4907,3740,1589,315,2345,95.8,1,0
2024-02-20,Tuesday,0,흐림+비,4.3,2.6,0,3.4,9.9,36963,16999,9509,10455,1639,8778,8954,6590,5285,2195,444,3078,86.3,1,0
2024-02-21,Wednesday,0,흐림+폭우+눈+강풍,1.9,17.8,5.2,5.2,10,8366,4718,1425,2223,434,1958,1992,1462,1220,550,115,635,92.5,1,1
2024-02-22,Thursday,0,흐림+비+눈,0.2,8.8,13.8,4.2,9.8,21864,10629,5015,6220,1170,5351,5407,3779,3024,1165,245,1723,84.5,1,1
2024-02-23,Friday,0,맑음+비+눈,1.8,0.4,10.2,3.5,5.9,47319,21254,12239,13826,2248,11540,11272,8341,6437,2682,540,4259,68.8,1,1
2024-02-24,Saturday,1,흐림+비+눈,2,2.3,2,2.9,7.4,39195,17744,9990,11461,2096,9986,9504,6362,5196,2167,394,3490,68.6,1,1
2024-02-25,Sunday,1,흐림+비+눈,2.8,1.8,0.2,2,6.4,35142,15911,9054,10177,2243,9755,8638,5430,4090,1568,270,3148,80.8,1,1
2024-02-26,Monday,0,맑음,3.8,0,0,1.9,2.1,57214,24661,15785,16768,2786,14345,13535,9686,7656,3197,611,5398,65.3,0,0
2024-02-27,Tuesday,0,흐림,5.3,0,0,3,7.5,59822,25801,16523,17498,2767,14719,14158,10368,8139,3341,672,5658,52,0,0
2024-02-28,Wednesday,0,흐림,6.4,0,0,2.1,8.5,61573,26486,17025,18062,2950,15135,14447,10607,8479,3560,648,5747,59.5,0,0
2024-02-29,Thursday,0,흐림,4.8,0,0,2.2,6.8,58878,25703,15963,17212,2895,14249,13916,10169,8133,3405,634,5477,63.6,0,0
2024-03-01,Friday,0,맑음,-4.1,0,0,4.4,0,32493,15204,7870,9419,1976,8788,7817,4993,4136,1748,286,2749,38.9,0,0
2024-03-02,Saturday,1,맑음,-0.5,0,0,3.2,4.5,37604,17070,9543,10991,2312,10215,9148,5812,4546,1888,349,3334,60.4,0,0
2024-03-03,Sunday,1,맑음,4,0,0,2.9,2.3,43827,19618,11482,12727,2655,11895,10657,6819,5209,2070,340,4182,71.5,0,0
2024-03-04,Monday,0,맑음,5.4,0,0,1.6,4.5,60645,25918,17048,17679,3127,15111,14323,10386,8084,3320,623,5671,45.5,0,0
2024-03-05,Tuesday,0,흐림,8,0,0,2.9,8.8,61436,26363,17067,18006,2893,14868,14606,10906,8374,3488,638,5663,45.1,0,0
2024-03-06,Wednesday,0,맑음,6.2,0,0,2.8,5.9,64006,27351,18058,18597,3009,15437,15059,11260,8832,3704,675,6030,58.8,0,0
2024-03-07,Thursday,0,맑음+비,3.9,2.1,0,3,5,56114,24542,15318,16254,2652,13568,13298,9866,7802,3193,598,5137,62.4,1,0
2024-03-08,Friday,0,맑음,2.1,0,0,3.4,0.4,57127,24973,15691,16463,2819,13653,13425,10083,7961,3230,616,5340,50.6,0,0
2024-03-09,Saturday,1,맑음,2,0,0,2.7,0,50159,22062,13446,14651,2690,13112,11982,8043,6463,2589,486,4794,50.8,0,0
2024-03-10,Sunday,1,맑음,4.2,0,0,2.1,1,51773,22504,14236,15033,3089,13816,12486,8516,6076,2321,419,5050,54,0,0
2024-03-11,Monday,0,흐림,6.2,0,0,2.1,7,62711,26850,17819,18042,3035,15196,14906,11096,8515,3387,672,5904,62.3,0,0
2024-03-12,Tuesday,0,흐림+비,6.6,2.1,0,2.1,6,48464,21556,13006,13902,2610,11900,11341,8199,6588,2861,542,4423,78,1,0
2024-03-13,Wednesday,0,맑음,6.5,0,0,2.7,0.4,65337,27725,18599,19013,3106,15787,15360,11448,8993,3849,701,6093,57.6,0,0
2024-03-14,Thursday,0,맑음,8.5,0,0,2.7,1,68085,28798,19416,19871,3302,16527,16022,11744,9161,3911,692,6726,58.3,0,0
2024-03-15,Friday,0,맑음,8.9,0,0,2.3,0,70142,29732,19852,20558,3586,17227,16183,12198,9316,3999,745,6888,68.5,0,0
2024-03-16,Saturday,1,맑음,10.9,0,0,2.1,3.9,67189,28323,19284,19582,3943,17855,16177,10664,7866,3171,609,6904,54.5,0,0
2024-03-17,Sunday,1,맑음+비,8.8,0.1,0,3.7,5.6,55333,24123,15214,15996,3608,15123,13191,8640,6363,2455,382,5571,48,1,0
2024-03-18,Monday,0,맑음,7.1,0,0,2.4,2,67017,28256,19469,19292,3292,16614,15682,11792,8866,3596,700,6475,28.6,0,0
2024-03-19,Tuesday,0,흐림+비,6.7,0.2,0,3.7,6.1,58506,25502,16169,16835,3014,14279,13725,10256,7937,3286,567,5442,60.8,1,0
2024-03-20,Wednesday,0,맑음,4.4,0,0,3.4,1.8,62109,26686,17520,17903,3200,15254,14485,10913,8412,3489,606,5750,46.5,0,0
2024-03-21,Thursday,0,맑음,5,0,0,2,2,66697,28362,19122,19213,3330,16373,15610,11655,8971,3769,681,6308,46.5,0,0
2024-03-22,Friday,0,흐림+비,10.4,5.4,0,3.4,7.6,51041,22519,13996,14526,2492,12348,11908,9052,7069,2974,581,4617,57,1,0
2024-03-23,Saturday,1,흐림+비,13,0.1,0,2.3,6.4,69924,29010,20586,20328,4217,18553,16762,11172,8107,3213,591,7309,66,1,0
2024-03-24,Sunday,1,맑음,16.2,0,0,2.4,4.9,75199,30643,22320,22236,4673,20209,18193,12072,8068,3022,576,8386,42.5,0,0
2024-03-25,Monday,0,흐림+비,10.6,5.1,0,4,9.6,39864,17998,10563,11303,1865,9777,9559,7182,5496,2105,450,3430,63,1,0
2024-03-26,Tuesday,0,흐림+폭우,7.4,11.5,0,2.6,6.1,53049,22538,15127,15384,2807,13864,12729,8716,6746,2882,516,4789,77.3,1,0
2024-03-27,Wednesday,0,맑음,10.4,0,0,2,5.3,74194,31003,21634,21557,3660,18341,17378,12857,9908,4130,758,7162,68.4,0,0
2024-03-28,Thursday,0,흐림+비,10.3,1.9,0,1.8,8.5,54808,24301,14798,15709,3221,14080,12678,8953,7195,3031,524,5126,81.8,1,0
2024-03-29,Friday,0,맑음+비,7.6,1.4,0,2.8,4.8,55182,24485,14863,15834,3254,13592,12754,9473,7431,2998,546,5134,73,1,0
2024-03-30,Saturday,1,맑음,8.8,0,0,2.4,3.9,65276,27883,18484,18909,4140,17436,15324,10218,7754,3232,608,6564,56.5,0,0
2024-03-31,Sunday,1,맑음,10.6,0,0,1.9,1.6,70915,29583,20714,20618,4359,18814,17217,11611,7888,3013,505,7508,39.9,0,0
2024-04-01,Monday,0,맑음,12.2,0,0,1.8,0.3,77728,31703,23395,22630,3927,19763,18393,13181,9915,3962,762,7825,32,0,0
2024-04-02,Tuesday,0,맑음,15.4,0,0,2,3.1,83359,33770,25230,24359,4163,21197,19731,13970,10750,4374,798,8376,37.5,0,0
2024-04-03,Wednesday,0,흐림,16.6,0,0,1.8,7.8,78336,32225,23082,23029,4155,19813,18406,13085,10103,4195,750,7829,55.9,0,0
2024-04-04,Thursday,0,흐림,15.5,0,0,2.9,6.5,84371,34473,25208,24690,4232,21221,19757,14321,10927,4496,823,8594,52.1,0,0
2024-04-05,Friday,0,맑음,14,0,0,2.5,5.1,86771,35404,25910,25457,4813,21733,20315,14642,10906,4534,827,9001,51.3,0,0
2024-04-06,Saturday,1,맑음,12.7,0,0,1.9,3.9,83439,34100,25188,24151,5209,21803,20081,13390,9455,3728,722,9051,48.6,0,0
2024-04-07,Sunday,1,맑음,14.8,0,0,2,1,81097,32727,24536,23834,5226,21518,19611,13046,8927,3182,528,9059,33.4,0,0
2024-04-08,Monday,0,흐림,16.2,0,0,2.1,8.3,82777,33743,24871,24163,4371,21090,19475,13870,10447,4283,773,8468,46.5,0,0
2024-04-09,Tuesday,0,맑음,15.3,0,0,3.5,0.4,86233,34964,25912,25357,4559,21719,20201,14475,10980,4393,833,9073,32.4,0,0
2024-04-10,Wednesday,0,흐림,13.8,0,0,2.6,6,80769,33088,24305,23376,5010,21172,19307,13089,9318,3623,669,8581,62.6,0,0
2024-04-11,Thursday,0,맑음,15.5,0,0,1.8,5.3,80389,33283,23988,23118,4467,20415,18694,13453,10199,4251,755,8155,61,0,0
2024-04-12,Friday,0,맑음,17.2,0,0,2.1,1.9,87622,35778,26282,25562,4838,22017,20494,14796,11079,4583,817,8998,59.6,0,0
2024-04-13,Saturday,1,맑음,19.1,0,0,1.9,0,83522,34119,25151,24252,5078,22048,20066,13385,9396,3787,641,9121,52.4,0,0
2024-04-14,Sunday,1,맑음,20.8,0,0,1.9,3,78177,32091,23257,22829,5018,21074,18912,12468,8509,3107,557,8532,47.1,0,0
2024-04-15,Monday,0,흐림+폭우,16,17.1,0,2.5,8.6,41601,19579,10170,11852,2693,10510,9795,7037,5512,2056,378,3620,77.4,1,0
2024-04-16,Tuesday,0,흐림+비,13.3,2.3,0,2.5,6.3,67969,28709,19934,19326,3662,17520,15783,11251,8747,3721,652,6633,82.6,1,0
2024-04-17,Wednesday,0,맑음,15,0,0,2.2,4.6,81674,33637,24296,23741,4430,20305,19028,13861,10627,4435,791,8197,65.3,0,0
2024-04-18,Thursday,0,맑음,17.3,0,0,2.2,0,84161,34588,25257,24316,4529,20969,19746,14235,10821,4550,772,8539,53.3,0,0
2024-04-19,Friday,0,맑음,17.6,0,0,2.1,3.9,86562,35775,25698,25089,4860,21454,20124,14544,11228,4572,868,8912,51.8,0,0
2024-04-20,Saturday,1,흐림+비,14.9,4.8,0,3,9.8,30948,14993,7174,8781,1976,8383,6938,4691,4146,1834,283,2697,77.3,1,0
2024-04-21,Sunday,1,흐림,17.2,0,0,3.8,8.8,72461,30437,21228,20796,4366,18931,17612,11920,8548,3134,586,7364,65.5,0,0
2024-04-22,Monday,0,흐림,18.8,0,0,3.1,6.5,86431,35348,26138,24945,4550,21539,20429,14783,11097,4471,862,8700,49.4,0,0
2024-04-23,Tuesday,0,흐림,17.3,0,0,3.6,7.9,77968,32511,22914,22543,4118,18843,18151,13498,10423,4463,852,7620,55,0,0
2024-04-24,Wednesday,0,흐림+비,13.2,9,0,3,7.8,62525,26720,17892,17913,3530,16039,14586,10334,8151,3389,626,5870,80.1,1,0
2024-04-25,Thursday,0,맑음,14.4,0,0,1.9,4.4,84005,34893,24918,24194,4521,20778,19312,14292,11037,4563,855,8647,75.6,0,0
2024-04-26,Friday,0,맑음,17.8,0,0,1.9,3.4,87353,36339,25840,25174,5198,21673,19977,14955,11067,4598,831,9054,61.1,0,0
2024-04-27,Saturday,1,맑음,18.2,0,0,1.9,0.3,82617,34290,24265,24062,4910,21747,19795,13158,9635,3765,703,8904,56.4,0,0
2024-04-28,Sunday,1,맑음,20.7,0,0,1.6,5.9,78240,32785,22948,22507,4910,20975,19101,12442,8592,3261,584,8375,53.5,0,0
2024-04-29,Monday,0,맑음,20.9,0,0,3,5.6,86187,35785,25610,24792,5022,21561,19959,14529,10901,4461,836,8918,48,0,0
2024-04-30,Tuesday,0,흐림,18.6,0,0,2.2,8.5,87550,36469,25851,25230,5115,21445,20335,14893,11248,4808,855,8851,62.5,0,0
2024-05-01,Wednesday,0,맑음,18.5,0,0,2.4,4.6,88898,36525,26765,25608,5765,22466,20991,14659,10454,4340,735,9488,46,0,0
2024-05-02,Thursday,0,맑음,18.1,0,0,2.4,0,88452,36359,26636,25457,5374,22109,20377,14715,11151,4644,839,9243,48.4,0,0
2024-05-03,Friday,0,맑음,19.7,0,0,1.9,0,90386,37496,26801,26089,5795,22170,20770,15032,11442,4806,878,9493,46.9,0,0
2024-05-04,Saturday,1,맑음,21.4,0,0,1.9,3.4,80857,33637,23899,23321,5491,21428,19209,12322,9172,3766,705,8764,44.8,0,0
2024-05-05,Sunday,1,흐림+폭우,17.8,48.3,0,2.5,10,12049,6442,2119,3488,814,4139,2574,1274,1311,663,93,1181,87.4,1,0
2024-05-06,Monday,0,흐림+폭우,13.9,12.3,0,3.1,10,20252,10044,4772,5436,1558,5376,4849,3103,2543,973,185,1665,92.9,1,0
2024-05-07,Tuesday,0,흐림+비,13.3,2.4,0,3,9.6,46285,21208,12212,12865,3106,11658,10725,7569,6158,2538,487,4044,77.3,1,0
2024-05-08,Wednesday,0,맑음,14.7,0,0,2.3,1.8,85827,35385,25611,24831,4811,21216,19961,14561,11132,4753,817,8576,58.8,0,0
2024-05-09,Thursday,0,맑음,16.1,0,0,2.9,0.3,86280,35508,25950,24822,4857,21193,19899,14727,11244,4824,819,8717,63.6,0,0
2024-05-10,Friday,0,맑음,17.9,0,0,2.6,2,90126,37318,26944,25864,5397,21940,20656,15392,11608,4844,939,9350,55.6,0,0
2024-05-11,Saturday,1,흐림+폭우,17,31.7,0,3.5,9.3,43797,19726,11657,12414,2352,11305,10259,7216,5857,2420,416,3972,80,1,0
2024-05-12,Sunday,1,맑음,16.6,0,0,2.7,2.6,78304,32436,23407,22461,5164,20629,18790,12721,8809,3265,604,8322,65,0,0
2024-05-13,Monday,0,맑음,18.3,0,0,2.3,0,87689,36117,26308,25264,4902,21747,20442,14918,11294,4616,825,8945,51.9,0,0
2024-05-14,Tuesday,0,맑음,18.8,0,0,2.4,0.1,90914,37471,27166,26277,5419,22261,20928,15361,11739,4876,904,9426,43.3,0,0
2024-05-15,Wednesday,0,흐림+폭우,12.6,20.6,0,2.7,6.5,39945,18031,10737,11177,2024,10075,9384,6844,5524,2277,384,3433,74.3,1,0
2024-05-16,Thursday,0,맑음+비,13.7,0.1,0,3.1,1.5,84106,34637,25319,24150,4531,20838,19552,14427,10976,4435,856,8491,61.3,1,0
2024-05-17,Friday,0,맑음,18.3,0,0,2.2,3.8,90403,37315,26944,26144,5411,21965,20831,15365,11699,4894,947,9291,63.6,0,0
2024-05-18,Saturday,1,맑음,20.7,0,0,2,2.3,85818,35368,25764,24686,5664,22030,20178,13970,10149,3918,729,9180,65.3,0,0
2024-05-19,Sunday,1,맑음,21.5,0,0,1.9,1.1,80369,33460,23929,22980,5339,21353,19100,12908,9008,3507,599,8555,63.1,0,0
2024-05-20,Monday,0,흐림,19.4,0,0,2.3,7.3,85996,35807,25616,24573,4831,21119,19927,14759,11163,4617,861,8719,75,0,0
2024-05-21,Tuesday,0,맑음,21.7,0,0,1.9,2.9,88223,36593,26315,25315,4796,21441,20521,15239,11601,4784,901,8940,68.1,0,0
2024-05-22,Wednesday,0,맑음,20.5,0,0,2.3,5.8,88615,36585,26609,25421,4946,21465,20546,15277,11664,4915,930,8872,68.9,0,0
2024-05-23,Thursday,0,맑음,20.2,0,0,2.5,2.4,87971,36327,26330,25314,4839,21468,20339,15072,11637,4707,887,9022,67.9,0,0
2024-05-24,Friday,0,흐림,20.1,0,0,2.1,6.6,90084,37621,26677,25786,5416,21775,20544,15277,11727,4991,997,9357,75.1,0,0
2024-05-25,Saturday,1,흐림,21.4,0,0,1.8,7.8,85057,35814,25053,24190,5654,21690,19995,13642,10252,3927,730,9167,62.8,0,0
2024-05-26,Sunday,1,흐림+비,19.9,8.7,0,2.7,9,44074,20026,11615,12433,2799,11756,10293,7135,5427,2232,353,4079,74.3,1,0
2024-05-27,Monday,0,맑음,18.5,0,0,3.3,3.3,86253,35715,25785,24753,4796,21216,20142,14636,11211,4596,865,8791,63.4,0,0
2024-05-28,Tuesday,0,맑음,20.4,0,0,2.5,1.9,90689,37440,27476,25773,5010,22086,21174,15514,11882,4964,895,9164,54.8,0,0
2024-05-29,Wednesday,0,맑음,21.2,0,0,2.1,2.8,89174,36998,26633,25543,4894,21562,20741,15356,11681,5004,948,8988,51.6,0,0
2024-05-30,Thursday,0,흐림,20.7,0,0,1.6,8.5,88907,36773,26605,25529,4914,21630,20518,15246,11781,5023,887,8908,49.1,0,0
2024-05-31,Friday,0,맑음+비,20.4,1,0,2.6,3.3,89345,37463,26377,25505,5254,21626,20578,15298,11707,4857,920,9105,60,1,0
2024-06-01,Saturday,1,맑음,20.7,0,0,2.8,4.3,85241,35489,25264,24488,5602,21888,20279,13749,10039,3984,709,8991,61.3,0,0
2024-06-02,Sunday,1,맑음,20.4,0,0,2.7,1.3,80866,33919,23914,23033,5453,21201,19181,13273,9121,3503,607,8527,51.9,0,0
2024-06-03,Monday,0,맑음,22.2,0,0,2.4,1,88359,36596,26501,25262,4904,21802,20682,15038,11389,4713,879,8952,47.4,0,0
2024-06-04,Tuesday,0,맑음,22.8,0,0,2.4,0.1,90216,37352,27071,25793,5117,21946,20957,15338,11865,4945,902,9146,42.1,0,0
2024-06-05,Wednesday,0,맑음,23.6,0,0,1.9,5.4,89841,37494,26690,25657,5301,21756,20648,15340,11770,5038,934,9054,53.9,0,0
2024-06-06,Thursday,0,맑음,24.1,0,0,2,3.4,79071,33468,23211,22392,5457,20416,18627,12615,9347,3734,672,8203,54.3,0,0
2024-06-07,Friday,0,흐림+비,23.1,0.8,0,1.9,8,86637,36467,25559,24611,5397,21153,19857,14449,11217,4686,914,8964,54.3,1,0
2024-06-08,Saturday,1,흐림+폭우,20.3,16.9,0,1.6,7.4,63646,27559,17987,18100,4531,16943,15130,9769,7413,2975,506,6379,79.5,1,0
2024-06-09,Sunday,1,맑음,22.9,0,0,1.8,4.5,77497,32776,22755,21966,5367,20044,18486,12470,8954,3476,587,8113,68.9,0,0
2024-06-10,Monday,0,맑음,24.7,0,0,2.2,1.4,87295,36615,25825,24855,4993,21204,20304,14974,11431,4719,885,8785,66.3,0,0
2024-06-11,Tuesday,0,맑음,25.4,0,0,2.4,5.1,86915,36300,25951,24664,4852,20975,20135,14905,11482,4884,910,8772,62.4,0,0
2024-06-12,Wednesday,0,맑음,24.8,0,0,2.1,4.1,87128,36392,25930,24806,4983,21023,20109,14950,11595,4810,900,8758,60.8,0,0
2024-06-13,Thursday,0,맑음,26.4,0,0,1.8,0.9,85246,35739,25205,24302,4882,20629,19719,14619,11232,4732,899,8534,51.4,0,0
2024-06-14,Friday,0,맑음,26.3,0,0,2.3,5.6,87032,36811,25352,24869,5318,21209,20092,14703,11229,4711,864,8906,56,0,0
2024-06-15,Saturday,1,흐림+비,24.2,6.1,0,1.9,6.5,73407,31532,20976,20899,5035,18968,17206,11483,8909,3589,649,7568,72.3,1,0
2024-06-16,Sunday,1,맑음,24.3,0,0,2.8,0.9,75018,32379,21425,21214,5264,19718,17803,11944,8616,3336,555,7782,58.4,0,0
2024-06-17,Monday,0,맑음,24.8,0,0,2.4,4.6,86533,36311,25732,24490,5067,21247,20152,14692,11181,4529,899,8766,48.4,0,0
2024-06-18,Tuesday,0,맑음,26,0,0,2.1,0,86857,36473,25731,24653,4990,21183,20008,15035,11285,4709,886,8761,59.5,0,0
2024-06-19,Wednesday,0,맑음,28.8,0,0,1.6,3.3,83528,35371,24351,23806,4841,20204,19280,14335,10965,4618,880,8405,54.3,0,0
2024-06-20,Thursday,0,맑음,29.4,0,0,2,2.8,83851,35695,24387,23769,4859,20513,19343,14270,11061,4602,897,8306,45.1,0,0
2024-06-21,Friday,0,맑음,28.1,0,0,2,5.8,85743,36613,24758,24372,5270,20938,19590,14628,11169,4644,867,8637,49.8,0,0
2024-06-22,Saturday,1,흐림+폭우,24.2,16.5,0,2,10,41275,19895,9900,11480,2851,10836,9224,6310,5488,2417,430,3719,80.6,1,0
2024-06-23,Sunday,1,흐림+비,25.1,5.1,0,2.2,8.3,62694,27374,17769,17551,4091,16323,15271,10383,7313,2777,488,6048,79.5,1,0
2024-06-24,Monday,0,맑음,24.3,0,0,2.9,5.8,84425,35587,24851,23987,4966,20861,19553,14356,10956,4411,856,8466,70.4,0,0
2024-06-25,Tuesday,0,맑음,22.9,0,0,3,4.3,89936,37726,26477,25733,5143,22074,20539,15332,11805,4932,933,9178,61.9,0,0
2024-06-26,Wednesday,0,맑음,24.9,0,0,1.9,1.3,87746,36873,25844,25029,5086,21442,20116,14904,11560,4811,885,8942,61,0,0
2024-06-27,Thursday,0,맑음,26.3,0,0,1.6,3,86642,36665,25311,24666,4957,21228,19793,14821,11386,4802,867,8788,55,0,0
2024-06-28,Friday,0,맑음,26.6,0,0,2.1,2,86042,36526,24902,24614,5201,20961,19871,14747,11291,4635,820,8516,54.6,0,0
2024-06-29,Saturday,1,흐림+폭우,26.7,38.3,0,2.2,6.6,60726,26985,16528,17213,3565,15376,14350,9961,7833,3289,564,5788,65.1,1,0
2024-06-30,Sunday,1,흐림+폭우,23.5,32.2,0,3.7,8.5,57737,25453,16025,16259,3692,15493,13676,9256,6838,2657,464,5661,88.5,1,0
2024-07-01,Monday,0,맑음,26.3,0,0,1.8,5.5,86226,36682,25154,24390,5104,21102,19918,14634,11285,4643,909,8631,69.1,0,0
2024-07-02,Tuesday,0,흐림+폭우,23.2,65.1,0,2.8,9.9,29372,15067,6317,7988,1689,6913,6727,5095,4332,1884,311,2421,90,1,0
2024-07-03,Wednesday,0,흐림+비,24.7,0.8,0,3.6,9,81481,34764,23697,23020,4978,19451,18480,14034,10937,4614,881,8106,80.3,1,0
2024-07-04,Thursday,0,흐림+비,26.8,3.6,0,3,8.6,78837,33820,22589,22428,4826,18555,17937,13648,10766,4596,834,7675,74.8,1,0
2024-07-05,Friday,0,흐림+비,23.4,4.1,0,3.3,9.1,83289,35493,24209,23587,5569,19851,18938,14242,10889,4444,861,8495,80.5,1,0
2024-07-06,Saturday,1,흐림+비,25.1,2.8,0,3.2,9.8,58208,26404,15397,16407,3816,14798,13468,9300,7456,3251,578,5541,84.1,1,0
2024-07-07,Sunday,1,흐림+폭우,24.4,28.7,0,1.8,8.8,53429,24137,14435,14857,3456,13470,12351,9050,6851,2759,466,5026,85.1,1,0
2024-07-08,Monday,0,흐림+폭우,23.8,21.1,0,1.8,9.8,33746,16416,8235,9095,2322,7930,7818,5773,4768,1971,370,2794,93.4,1,0
2024-07-09,Tuesday,0,흐림+비,24.5,0.3,0,1.8,9.5,69309,30698,19246,19365,4044,15957,15759,12281,9834,4162,779,6493,86.9,1,0
2024-07-10,Wednesday,0,흐림+비,26.6,1.4,0,2.2,6.3,77793,33371,22325,22097,4682,18682,17629,13373,10484,4437,827,7679,77.1,1,0
2024-07-11,Thursday,0,맑음,25.7,0,0,2.1,5.1,84865,36158,24554,24153,4979,20625,19195,14524,11281,4863,916,8482,79.6,0,0
2024-07-12,Friday,0,맑음,25.6,0,0,1.6,4.4,85558,36797,24436,24325,5250,20497,19383,14617,11361,4883,895,8672,79.5,0,0
2024-07-13,Saturday,1,맑음,28.1,0,0,1.9,2.1,72015,31819,19981,20215,4987,18656,16699,11329,8863,3627,621,7233,70,0,0
2024-07-14,Sunday,1,맑음+비,28.4,0.4,0,2.4,4.8,66604,29435,18213,18956,4728,17734,15714,10365,7582,3065,570,6846,65.9,1,0
2024-07-15,Monday,0,맑음,28.4,0,0,2.4,5.1,80921,34651,23200,23070,4854,19752,18638,13700,10645,4312,886,8134,64.6,0,0
2024-07-16,Tuesday,0,흐림+폭우,27,17,0,2.3,7.8,55603,25038,15148,15417,2937,13122,12902,9923,7857,3348,624,4890,78.4,1,0
2024-07-17,Wednesday,0,흐림+폭우,25.4,98.8,0,2.5,9.8,35670,16935,9228,9507,2096,8503,8162,6204,5182,2192,411,2920,91.6,1,0
2024-07-18,Thursday,0,흐림+폭우,24.3,128.8,0,2.2,10,30685,14817,7540,8328,1867,7596,7336,5314,4212,1643,236,2481,95.3,1,0
2024-07-19,Friday,0,흐림+비,27,0.1,0,2.2,7.9,79004,34440,22345,22219,5000,18944,18008,13532,10417,4434,860,7809,80.1,1,0
2024-07-20,Saturday,1,흐림+폭우,27.2,14.9,0,2.7,9,53260,24575,13886,14799,3363,13776,12126,8529,6968,3015,579,4904,80.4,1,0
2024-07-21,Sunday,1,흐림+비,26.5,8.5,0,3.6,9.3,58677,26132,15994,16551,4152,15685,14012,9161,6820,2639,462,5746,83.6,1,0
2024-07-22,Monday,0,흐림+폭우,26.6,79.9,0,3.1,9.9,51331,23448,13644,14239,3106,12580,12235,8824,6810,2715,491,4570,89,1,0
2024-07-23,Tuesday,0,흐림+비,26.4,2,0,3.2,9.6,62727,27865,17233,17629,3674,15189,14654,10788,8584,3510,649,5679,87.9,1,0
2024-07-24,Wednesday,0,흐림+폭우,28.1,14.7,0,2.6,7.6,68266,30059,18999,19208,4294,16983,15603,11398,8973,3783,744,6488,85,1,0
2024-07-25,Thursday,0,흐림+폭우,28.8,25.3,0,1.8,8.6,69743,30651,19397,19695,3854,16888,15986,12070,9486,4043,789,6627,79.8,1,0
2024-07-26,Friday,0,흐림+비,28.7,5.5,0,2.3,8,64333,28860,17532,17941,3725,15493,15008,10936,8754,3742,685,5990,81.9,1,0
2024-07-27,Saturday,1,흐림+폭우,28.9,33.5,0,1.7,8.4,49022,22671,12510,13841,3078,12792,11302,7579,6507,2856,486,4422,83.6,1,0
2024-07-28,Sunday,1,흐림,29.2,0,0,3.2,8.3,60324,27136,16061,17127,4255,16471,14325,9149,6939,2800,493,5892,76,0,0
2024-07-29,Monday,0,흐림,27.4,0,0,3.8,8.9,71756,31540,19997,20219,4318,17995,16677,11825,9367,3931,780,6863,84,0,0
2024-07-30,Tuesday,0,흐림,28.6,0,0,2.8,7.4,75832,33123,21276,21433,4594,18920,17495,12587,9918,4176,826,7316,78.8,0,0
2024-07-31,Wednesday,0,흐림,29.4,0,0,2.6,7.3,75674,32837,21294,21543,4610,18712,17595,12545,9866,4178,789,7379,74.5,0,0
2024-08-01,Thursday,0,흐림+비,29.9,0.3,0,2.6,6.8,74461,32389,20783,21289,4423,18771,17436,12167,9590,4144,739,7191,75.5,1,0
2024-08-02,Friday,0,흐림,29.6,0,0,2.6,7.9,72798,32154,19974,20670,4436,18163,17156,11860,9368,3958,734,7123,79.4,0,0
2024-08-03,Saturday,1,맑음,30.2,0,0,2.2,4.4,60987,27329,16342,17316,4125,16557,14448,9082,7252,3058,540,5925,75,0,0
2024-08-04,Sunday,1,맑음,31.8,0,0,1.6,2.5,54194,24763,14178,15253,3947,15318,12859,7923,6065,2453,411,5218,69.3,0,0
2024-08-05,Monday,0,흐림+비,30,1.3,0,1.9,7.1,65078,28630,18072,18376,3741,16408,15539,10874,8335,3410,653,6118,75.5,1,0
2024-08-06,Tuesday,0,맑음,29.5,0,0,1.9,5.4,70221,30803,19617,19801,4066,17591,16443,11736,9298,3706,707,6674,74.8,0,0
2024-08-07,Wednesday,0,맑음+비,29.6,3.4,0,1.7,4.8,72075,31560,20130,20385,4237,18029,16787,12033,9418,3856,686,7029,72,1,0
2024-08-08,Thursday,0,흐림,28.5,0,0,1.6,7.4,70998,31123,19698,20177,4257,17784,16330,11838,9283,3893,706,6907,77.5,0,0
2024-08-09,Friday,0,맑음,29.3,0,0,1.6,2.8,72257,31780,19975,20502,4355,17937,16657,12102,9419,3994,740,7053,74.1,0,0
2024-08-10,Saturday,1,흐림,30,0,0,1.7,6.8,64693,28836,17572,18285,4402,17227,15459,9766,7738,3202,545,6354,70.8,0,0
2024-08-11,Sunday,1,흐림,30.8,0,0,1.8,6.3,58686,26468,15665,16553,4124,16168,14116,8741,6732,2630,426,5749,67.8,0,0
2024-08-12,Monday,0,맑음,31.1,0,0,1.9,4.1,72660,31777,20263,20620,4286,18347,17036,12055,9301,3849,767,7019,70.5,0,0
2024-08-13,Tuesday,0,맑음,31.3,0,0,1.8,4.9,68692,30364,19116,19212,4075,17203,15967,11423,9107,3723,690,6504,70,0,0
2024-08-14,Wednesday,0,맑음+비,30,3,0,1.9,5.6,69797,30894,19225,19678,4137,17538,16292,11646,9120,3744,691,6629,73,1,0
2024-08-15,Thursday,0,맑음+비,29.2,6.4,0,1.8,5.4,59559,26795,15923,16841,4107,15969,14004,9006,7088,3142,500,5743,74.6,1,0
2024-08-16,Friday,0,맑음,29.8,0,0,2,3,72691,31879,20156,20656,4577,18487,16971,11969,9128,3792,700,7067,69.4,0,0
2024-08-17,Saturday,1,맑음+폭우,29.8,11,0,1.7,4.8,61287,27227,16604,17456,4049,16218,14467,9439,7493,3136,542,5943,71,1,0
2024-08-18,Sunday,1,맑음,29.5,0,0,2,5.5,56564,25473,15048,16043,3954,15478,13319,8601,6570,2747,445,5450,73.8,0,0
2024-08-19,Monday,0,맑음+비,29.7,2.3,0,1.9,2.5,71932,31432,20293,20207,4317,18091,16760,12007,9385,3763,727,6882,72.3,1,0
2024-08-20,Tuesday,0,흐림,31.4,0,0,2.3,6.1,73208,32048,20516,20644,4192,18172,16892,12415,9602,4065,757,7113,68.3,0,0
2024-08-21,Wednesday,0,흐림+폭우,28.4,42.2,0,3.2,9.5,46179,21298,12083,12798,2981,11880,10474,7650,6055,2581,457,4101,85.9,1,0
2024-08-22,Thursday,0,흐림+비,28.6,0.6,0,3.4,8.8,66467,29538,18215,18714,3832,16309,15474,11224,8958,3823,694,6153,79.9,1,0
2024-08-23,Friday,0,맑음,28.4,0,0,2.7,5.3,76099,33243,21358,21498,4580,18820,17660,12845,9903,4112,769,7410,73.5,0,0
2024-08-24,Saturday,1,맑음+비,27.6,2,0,1.4,3.8,61689,27608,16749,17332,4031,16195,14303,9717,7603,3280,572,5988,78.8,1,0
2024-08-25,Sunday,1,맑음,28.5,0,0,1.4,3.4,59835,26904,16173,16758,4116,16494,14142,9326,6817,2693,492,5755,76.6,0,0
2024-08-26,Monday,0,흐림,28.1,0,0,1.5,8,72063,31310,20413,20340,4204,18046,16729,12110,9391,3968,746,6869,77.8,0,0
2024-08-27,Tuesday,0,흐림+비,26.5,0.3,0,1.9,6.1,76072,32786,21576,21710,4515,19284,17440,12656,9802,4167,800,7408,69.8,1,0
2024-08-28,Wednesday,0,맑음,28.2,0,0,2.9,0.4,80733,34396,23376,22961,4736,20167,18614,13658,10416,4384,793,7965,62.1,0,0
2024-08-29,Thursday,0,맑음,28.4,0,0,3.1,0.6,80604,34373,23241,22990,4660,20184,18578,13542,10496,4361,796,7987,61,0,0
2024-08-30,Friday,0,맑음,28,0,0,2.4,0.9,81403,34773,23380,23250,5026,20322,18995,13538,10526,4145,787,8064,64,0,0
2024-08-31,Saturday,1,맑음,27.6,0,0,1.9,1.8,72488,31317,20427,20744,4887,19213,17138,11386,8477,3459,608,7320,65.6,0,0
2024-09-01,Sunday,1,맑음,27.1,0,0,2,4.5,69217,30136,19651,19430,4763,18839,16461,10809,7748,3089,529,6979,64.9,0,0
2024-09-02,Monday,0,흐림+비,24.5,2.7,0,2.6,8,77175,32857,22448,21870,4769,19611,17789,12797,9928,4062,762,7457,73.6,1,0
2024-09-03,Tuesday,0,맑음,27,0,0,2.9,2.6,84766,35683,25012,24071,4873,21132,19759,14277,10841,4525,824,8535,54.5,0,0
2024-09-04,Wednesday,0,맑음,27.9,0,0,2.2,3,83751,35421,24585,23745,4819,20631,19571,14213,10910,4564,882,8161,61.4,0,0
2024-09-05,Thursday,0,흐림+비,26.3,6.9,0,2.4,8.8,72398,31364,20421,20613,4254,17686,16956,12289,9651,4002,718,6842,79.1,1,0
2024-09-06,Friday,0,흐림+비,24,0.7,0,2.6,10,75584,32649,21702,21233,4944,18670,17457,12654,9820,4018,728,7293,79.3,1,0
2024-09-07,Saturday,1,맑음,26.5,0,0,1.9,4,77793,33216,22659,21918,5319,20626,18419,12280,8959,3680,686,7824,68.9,0,0
2024-09-08,Sunday,1,맑음,27.2,0,0,1.6,2,71523,30999,20493,20031,5136,19682,16822,11278,7927,3012,531,7135,69.6,0,0
2024-09-09,Monday,0,맑음,28.5,0,0,1.9,3.6,81549,34828,23667,23054,4772,20384,18991,13796,10463,4312,840,7991,69,0,0
2024-09-10,Tuesday,0,맑음,29.4,0,0,1.8,1.3,81166,34699,23647,22820,4740,20088,19016,13812,10499,4352,804,7855,67.3,0,0
2024-09-11,Wednesday,0,맑음+비,29,0.4,0,1.8,5.5,76147,32874,21688,21585,4411,18588,17646,13106,10104,4236,773,7283,71.5,1,0
2024-09-12,Thursday,0,흐림+폭우,25.4,32.7,0,2.1,9.8,41080,19373,10384,11323,2616,10254,9637,6950,5502,2243,401,3477,91.5,1,0
2024-09-13,Friday,0,흐림+비,25.9,7.6,0,2.2,10,47088,22083,12104,12901,2734,10952,11035,8175,6802,2816,542,4032,91.4,1,0
2024-09-14,Saturday,1,맑음,28,0,0,1.7,4.8,65975,28852,18435,18688,4586,17195,15368,10486,8112,3366,622,6240,80.3,0,0
2024-09-15,Sunday,1,맑음,27.5,0,0,2.8,3.1,61328,26934,16918,17476,4476,16426,14475,9216,7195,2930,487,6123,73.6,0,0
2024-09-16,Monday,0,맑음+비,26.8,9.5,0,2.8,5.6,55729,24507,15203,16019,4001,15432,13290,8303,6239,2513,481,5470,74,1,0
2024-09-17,Tuesday,0,흐림,28.6,0,0,1.7,7.4,51301,22820,13936,14545,3641,14243,12497,7776,5565,2200,427,4952,77,0,0
2024-09-18,Wednesday,0,흐림+비,29.4,0.7,0,1.6,7,60150,26870,16262,17018,4205,16308,14530,9371,6738,2671,507,5820,76.8,1,0
2024-09-19,Thursday,0,흐림,29.1,0,0,1.7,8.5,77412,33460,22083,21869,4679,19252,18136,13005,10007,4113,798,7422,77.4,0,0
2024-09-20,Friday,0,흐림+폭우,25,54.5,0,2.4,10,34446,16297,8742,9407,1892,8368,8101,5997,4861,2045,411,2771,89.8,1,0
2024-09-21,Saturday,1,흐림+폭우,19.3,27,0,4.3,8.5,64655,28009,18390,18256,4535,17521,15329,10292,7356,2872,531,6219,82.3,1,0
2024-09-22,Sunday,1,맑음,21,0,0,2.7,4.5,81873,34360,24265,23248,5423,21541,19799,13380,9009,3364,640,8717,67.4,0,0
2024-09-23,Monday,0,맑음,20.8,0,0,3.1,0.8,88291,36915,26238,25138,5194,22120,20566,14702,11301,4494,908,9006,58.3,0,0
2024-09-24,Tuesday,0,맑음,21,0,0,2.2,1,88969,37009,26551,25409,5215,22093,20598,15106,11382,4848,908,8819,57.9,0,0
2024-09-25,Wednesday,0,맑음,23.3,0,0,1.7,5.8,87683,36390,26318,24975,4996,21462,20304,14946,11544,4701,920,8810,65.6,0,0
2024-09-26,Thursday,0,맑음+비,23.6,1.2,0,1.6,4.8,84494,35539,25022,23933,4809,21052,19604,14325,11077,4521,876,8230,75.1,1,0
2024-09-27,Friday,0,맑음,22.7,0,0,2.4,2.6,89500,37660,26463,25377,5506,21923,20507,15225,11665,4744,852,9078,72.8,0,0
2024-09-28,Saturday,1,맑음,23.2,0,0,3.4,3.1,84815,35662,25042,24111,5576,22092,19960,13785,9897,3933,728,8844,59.3,0,0
2024-09-29,Sunday,1,맑음,23.5,0,0,2.7,1.5,79964,33754,23711,22499,5330,21204,19120,13085,8937,3429,616,8243,61.5,0,0
2024-09-30,Monday,0,맑음,23,0,0,2.1,4.5,87863,36777,26139,24947,5337,21880,20351,14810,11233,4468,913,8871,63,0,0
2024-10-01,Tuesday,0,맑음+비,18.3,2.5,0,2.5,5.9,72311,31116,21063,20132,4866,19030,17136,11634,8452,3513,550,7130,67.5,1,0
2024-10-02,Wednesday,0,맑음,14.9,0,0,2.5,2,84854,35691,25251,23912,5516,20953,19426,14361,10893,4456,894,8355,48.8,0,0
2024-10-03,Thursday,0,맑음,16.4,0,0,1.9,2,80150,33559,23970,22621,5278,20581,18831,13408,9466,3764,657,8165,59,0,0
2024-10-04,Friday,0,맑음,17.6,0,0,1.8,0,87555,36679,26326,24550,5832,21910,20061,14596,10882,4535,865,8874,60,0,0
2024-10-05,Saturday,1,맑음,17.5,0,0,1.6,3.6,84328,35398,25169,23761,5778,21677,19874,13992,9916,3842,660,8589,60.4,0,0
2024-10-06,Sunday,1,흐림,15.4,0,0,1.4,8.9,63483,27964,17790,17729,4460,17092,14791,10169,7401,2885,477,6208,73.5,0,0
2024-10-07,Monday,0,흐림,16.9,0,0,1.3,6.6,83579,35326,24787,23466,5110,20485,19210,14366,10934,4518,869,8087,73.9,0,0
2024-10-08,Tuesday,0,맑음,17.7,0,0,1.8,1.3,86688,36328,25766,24594,5417,21039,19673,14950,11422,4681,868,8638,73.9,0,0
2024-10-09,Wednesday,0,맑음,18.8,0,0,2.3,4.8,82622,34661,24985,22976,5142,21006,19475,14019,10042,3895,724,8319,64.1,0,0
2024-10-10,Thursday,0,맑음,18.8,0,0,1.9,4.5,85565,35823,25621,24121,5141,21105,19649,14502,11144,4637,895,8492,66.3,0,0
2024-10-11,Friday,0,맑음,18.6,0,0,1.8,0.6,88846,37230,26450,25166,5740,21715,20162,15145,11471,4749,907,8957,68.8,0,0
2024-10-12,Saturday,1,맑음,18.3,0,0,1.5,0,82814,34690,24771,23353,5424,21148,19565,13699,10007,3856,679,8436,60.6,0,0
2024-10-13,Sunday,1,흐림,18.3,0,0,2,6.4,76557,32564,22651,21342,5183,19865,18029,12853,8847,3479,567,7734,67,0,0
2024-10-14,Monday,0,흐림,19.3,0,0,1.9,9.4,82359,34894,24242,23223,5061,20045,18881,14065,10920,4407,837,8143,70.3,0,0
2024-10-15,Tuesday,0,흐림+비,19.2,0.5,0,1.8,7.3,77683,33211,22730,21742,4588,19009,17942,13265,10461,4232,760,7426,85,1,0
2024-10-16,Wednesday,0,맑음,18.2,0,0,1.5,2.8,85916,36026,25566,24324,5045,20894,19827,14831,11386,4700,869,8364,76.9,0,0
2024-10-17,Thursday,0,맑음,19,0,0,1.7,4.4,85597,35790,25515,24292,5045,20790,19712,14795,11348,4690,845,8372,70.4,0,0
2024-10-18,Friday,0,흐림+폭우,17.4,47.1,0,2.5,9.6,48308,22455,12631,13222,2948,11519,11476,8524,6697,2591,429,4124,86.1,1,0
2024-10-19,Saturday,1,흐림+비,16.6,1,0,3.3,6.6,72358,30901,21220,20237,4780,18380,16971,11994,9063,3502,682,6986,75,1,0
2024-10-20,Sunday,1,맑음,13.4,0,0,3.7,1.4,69460,30051,20162,19247,4731,18138,16565,11663,8172,2951,536,6704,56,0,0
2024-10-21,Monday,0,흐림,14.8,0,0,2.3,8.6,76918,32789,22449,21680,4575,18401,17936,13541,10315,4136,765,7249,66.4,0,0
2024-10-22,Tuesday,0,흐림+폭우,15.5,20.6,0,2,10,20580,10819,4525,5236,1588,4780,4642,3442,3015,1285,245,1583,90.8,1,0
2024-10-23,Wednesday,0,맑음+비,12.7,2.3,0,3.7,5.9,73100,31364,21496,20240,4468,17507,17062,12802,9633,4017,778,6833,75.3,1,0
2024-10-24,Thursday,0,맑음,12.5,0,0,1.8,0,78905,33602,23280,22023,4531,19055,18271,13699,10724,4328,840,7457,71.4,0,0
2024-10-25,Friday,0,맑음,14.9,0,0,1.7,4,81837,34801,24035,23001,4889,19817,18805,14233,10904,4421,860,7908,64.1,0,0
2024-10-26,Saturday,1,맑음,17,0,0,1.8,2.8,77895,33270,22955,21670,5077,19787,18305,13066,9307,3744,687,7922,68.3,0,0
2024-10-27,Sunday,1,흐림,16,0,0,1.6,8.3,64398,28381,18186,17831,4607,16942,14862,10494,7674,2971,538,6310,79.4,0,0
2024-10-28,Monday,0,흐림,15.7,0,0,2.1,8.3,78571,33596,22884,22091,4606,18980,18178,13627,10509,4209,870,7592,75.9,0,0
2024-10-29,Tuesday,0,흐림,15,0,0,2.3,6,76764,33040,22188,21536,4461,18457,17852,13429,10301,4219,825,7220,64.6,0,0
2024-10-30,Wednesday,0,맑음,15.7,0,0,1.6,1.3,81394,34515,24006,22873,4714,19540,18895,14154,10976,4547,842,7726,71.3,0,0
2024-10-31,Thursday,0,맑음,15.9,0,0,1.4,1.8,81910,34880,24235,22795,4660,19856,18860,14247,11021,4629,867,7770,67.8,0,0
2024-11-01,Friday,0,흐림,15.3,0,0,1.4,9.8,81897,35136,23714,23047,4979,19777,18710,14188,10939,4496,898,7910,70.8,0,0
2024-11-02,Saturday,1,맑음,18.1,0,0,1.9,1.8,77908,33246,22707,21955,5245,19845,18131,13017,9479,3692,701,7798,58.9,0,0
2024-11-03,Sunday,1,맑음,17.6,0,0,2.4,2.5,73294,31245,21487,20562,4966,18957,17331,12203,8651,3283,563,7340,71.1,0,0
2024-11-04,Monday,0,맑음+비,14.8,0.1,0,2.9,5.3,76669,32858,22321,21490,4646,18512,17645,13312,10256,4133,832,7333,62,1,0
2024-11-05,Tuesday,0,맑음,9.1,0,0,2.1,2.8,73690,31826,21414,20450,4263,17670,16915,13095,10079,4160,796,6712,49.8,0,0
2024-11-06,Wednesday,0,맑음,7.5,0,0,2.5,0,71534,30962,20664,19908,4294,16956,16465,12566,9756,4087,821,6589,46.1,0,0
2024-11-07,Thursday,0,맑음,7.8,0,0,1.5,0,72066,31086,20954,20026,4144,17281,16504,12700,9908,4103,820,6606,48.1,0,0
2024-11-08,Friday,0,맑음,10.2,0,0,1.5,0.8,75218,32818,21735,20665,4750,17983,17271,13185,10041,4165,849,6974,50.8,0,0
2024-11-09,Saturday,1,맑음,12.9,0,0,1.4,2,71093,30876,20539,19678,4810,18091,16512,11954,8779,3470,631,6846,55.8,0,0
2024-11-10,Sunday,1,맑음,14.4,0,0,1.8,3.9,67120,29328,19134,18658,4665,17401,15650,11345,7928,3104,544,6483,64,0,0
2024-11-11,Monday,0,맑음,14.6,0,0,1.2,1.8,77556,33157,22862,21537,4609,18844,17992,13400,10306,4283,825,7297,64.5,0,0
2024-11-12,Tuesday,0,맑음,14.3,0,0,2.2,2.4,78314,33620,22857,21837,4547,18680,18021,13726,10625,4482,847,7386,66.8,0,0
2024-11-13,Wednesday,0,맑음,14.2,0,0,1.7,2.4,80117,34447,23335,22335,5433,18975,18076,13830,10803,4548,823,7629,62.9,0,0
2024-11-14,Thursday,0,흐림+비,14.8,0.1,0,1.8,8.5,71454,31376,20189,19889,4216,17290,16566,12380,9624,4051,731,6596,68.4,1,0
2024-11-15,Friday,0,흐림,17,0,0,1.8,6.8,79365,34384,22847,22134,5215,19284,18053,13641,10361,4314,821,7676,65.1,0,0
2024-11-16,Saturday,1,흐림+비,17,6.5,0,2.6,7.5,52143,23611,14154,14378,3476,13250,11972,8759,6683,2786,517,4700,72.5,1,0
2024-11-17,Sunday,1,맑음,7,0,0,3.6,5,50412,23006,13651,13755,3743,13251,11494,8247,6266,2495,423,4493,47.6,0,0
2024-11-18,Monday,0,맑음,2.8,0,0,2.3,0.6,60323,26878,17047,16398,3822,14564,13777,10618,8247,3371,629,5295,30.9,0,0
2024-11-19,Tuesday,0,맑음,5.7,0,0,2,4.8,66322,29392,18738,18192,4126,15580,15264,11758,9077,3857,722,5938,49.5,0,0
2024-11-20,Wednesday,0,흐림,6.5,0,0,1.3,7.6,65921,29287,18486,18148,4043,15589,15173,11612,9141,3800,706,5857,65.8,0,0
2024-11-21,Thursday,0,맑음,9.7,0,0,2.2,4.8,67438,29810,19010,18618,4275,15813,15434,11974,9260,3882,685,6115,71.9,0,0
2024-11-22,Friday,0,맑음,6.2,0,0,2.2,0,68222,30273,19247,18702,4552,16151,15558,11960,9343,3752,723,6183,48,0,0
2024-11-23,Saturday,1,맑음,6.4,0,0,1.7,1.4,58015,26192,15855,15968,4040,14723,13371,9606,7374,3051,543,5307,47.1,0,0
2024-11-24,Sunday,1,맑음,7.4,0,0,1.6,1.1,54198,24671,14730,14797,3991,14230,12337,9078,6528,2565,454,5015,58.4,0,0
2024-11-25,Monday,0,맑음,10.1,0,0,2.5,5.8,68982,30396,19521,19065,4508,16396,15847,12117,9226,3844,748,6296,57.6,0,0
2024-11-26,Tuesday,0,흐림+폭우+눈,5.8,26,0.9,3.4,9.6,25922,12486,6784,6652,1763,6377,6121,4489,3463,1407,328,1974,86.4,1,1
2024-11-27,Wednesday,0,흐림+폭우+눈,-0.4,22.4,20.1,1.4,9.1,16549,8867,3484,4198,1298,3907,4009,3025,2141,824,171,1174,90.6,1,1
2024-11-28,Thursday,0,맑음+비+눈,0.8,4.9,28.6,1.8,5.4,29864,14737,7214,7913,2125,7263,6976,5166,4004,1685,306,2339,82,1,1
2024-11-29,Friday,0,맑음+눈,0.2,0,12.3,1.5,2.4,45646,21634,11716,12296,3050,10676,10524,8058,6322,2653,499,3864,76.3,0,1
2024-11-30,Saturday,1,맑음+눈,2.5,0,7.9,1.8,4.1,39072,18682,9628,10762,2775,9986,8981,6212,5258,2193,392,3275,81.6,0,1
2024-12-01,Sunday,1,맑음+비+눈,5.2,0.5,5.3,2.4,5.9,40373,19393,10171,10809,2951,10423,9234,6471,5301,2123,391,3479,89.3,1,1
2024-12-02,Monday,0,맑음,6.4,0,0,2.2,2.6,56950,25846,15478,15626,3774,13427,13003,10097,7838,3181,619,5011,79.9,0,0
2024-12-03,Tuesday,0,맑음,1.3,0,0,2.4,3,54310,24633,14823,14854,3485,12899,12413,9684,7512,3084,599,4634,48.6,0,0
2024-12-04,Wednesday,0,맑음,3.1,0,0,2.1,1.3,55697,25301,15202,15194,3628,13047,12813,9776,7743,3171,605,4914,52.1,0,0
2024-12-05,Thursday,0,맑음+비,3.9,1.8,0,2.3,2.5,50517,23206,13531,13780,3106,11875,11720,8986,7041,2969,576,4244,62.8,1,0
2024-12-06,Friday,0,맑음,2.1,0,0,2.5,0.1,54193,24750,14624,14819,3581,12661,12581,9529,7487,3033,602,4719,49.3,0,0
2024-12-07,Saturday,1,맑음,0.2,0,0,2.5,0.9,43828,20305,11417,12106,3101,11182,10107,7121,5618,2364,396,3939,56.9,0,0
2024-12-08,Sunday,1,맑음,-0.2,0,0,2.2,0,35361,17069,8728,9564,2779,9486,8087,5623,4383,1779,312,2912,46.5,0,0
2024-12-09,Monday,0,맑음,1,0,0,1.6,0.8,52131,23634,14379,14118,3377,12421,12002,9212,7206,2861,584,4468,56.1,0,0
2024-12-10,Tuesday,0,맑음,2.6,0,0,1.9,3.9,54709,24892,14948,14869,3416,12697,12647,9782,7603,3227,656,4681,58.9,0,0
2024-12-11,Wednesday,0,맑음,3,0,0,1.6,4.6,56218,25452,15517,15249,3727,13025,12858,9959,7900,3276,638,4835,50.3,0,0
2024-12-12,Thursday,0,맑음,0.5,0,0,2.1,4.5,53518,24538,14541,14439,3419,12477,12394,9562,7449,3055,620,4542,45.8,0,0
2024-12-13,Friday,0,맑음,1,0,0,2.2,5,52995,24492,14195,14308,3389,12238,12170,9500,7469,3106,613,4510,42.1,0,0
2024-12-14,Saturday,1,맑음,-0.8,0,0,2.2,1.3,42542,19884,11053,11605,2931,11008,9702,6953,5525,2278,428,3717,51,0,0
2024-12-15,Sunday,1,맑음,1.2,0,0,2.4,2.8,36055,17555,8751,9749,2742,9613,8246,5677,4611,1886,304,2976,54.1,0,0
2024-12-16,Monday,0,맑음,-0.2,0,0,1.2,3.1,47121,21697,12640,12784,2952,10940,11063,8476,6589,2639,525,3937,65.9,0,0
2024-12-17,Tuesday,0,맑음,-0.8,0,0,2.2,1.1,49604,22801,13336,13467,3040,11555,11504,8870,7093,2887,587,4068,51.8,0,0
2024-12-18,Wednesday,0,맑음,-3.4,0,0,2.2,0,46558,21442,12491,12625,2845,10810,10990,8461,6513,2615,503,3821,47.1,0,0
2024-12-19,Thursday,0,맑음,-1.4,0,0,1.5,3.3,48275,22217,12841,13217,3013,11221,11180,8730,6781,2818,530,4002,47.4,0,0
2024-12-20,Friday,0,흐림+비+눈,1.4,0.4,0.5,2,9.1,49006,22731,12914,13361,3204,11206,11331,8844,6936,2935,533,4017,60.9,1,1
2024-12-21,Saturday,1,맑음+비+눈,-0.7,2.9,2.7,2.8,5.3,28801,14262,6669,7870,2127,7537,6600,4545,3786,1589,294,2323,74.1,1,1
2024-12-22,Sunday,1,맑음+눈,-3.4,0,1.4,2.1,0,28070,13901,6611,7558,2265,7716,6519,4177,3511,1355,248,2279,52.9,0,1
2024-12-23,Monday,0,맑음+눈,0.3,0,0.7,2.2,0.9,46728,21635,12328,12765,2998,11169,10882,8325,6424,2543,510,3877,58.5,0,1
2024-12-24,Tuesday,0,맑음,-0.4,0,0,1.4,2.1,47724,22251,12473,13000,3016,11180,11081,8601,6610,2763,563,3910,50.3,0,0
2024-12-25,Wednesday,0,흐림+비,2.7,0.1,0,2,8.3,32464,15831,7928,8705,2538,8224,7275,5106,4385,1879,330,2727,63.1,1,0
2024-12-26,Thursday,0,맑음,0.1,0,0,3.4,0.8,43886,20576,11433,11877,2756,10383,10138,7870,6157,2482,532,3568,57.9,0,0
2024-12-27,Friday,0,맑음,-2.6,0,0,2.7,2.3,43555,20635,11126,11794,2792,10291,10274,7674,6040,2469,507,3508,51.4,0,0
2024-12-28,Saturday,1,맑음,-3,0,0,2.5,1.1,32898,16066,8048,8784,2274,8438,7461,5290,4492,1890,370,2683,48.3,0,0
2024-12-29,Sunday,1,맑음,1.1,0,0,1.5,5.1,31797,15636,7604,8557,2445,8551,7133,4931,4073,1739,293,2632,56.1,0,0
2024-12-30,Monday,0,흐림,5.5,0,0,2.3,7.4,48996,22903,12661,13432,3160,11701,11360,8565,6750,2816,535,4109,68.5,0,0
2024-12-31,Tuesday,0,맑음,0.6,0,0,2.6,0,46036,21460,11829,12747,2480,10123,11082,8197,6645,2985,690,3834,45.8,0,0
